path,title,section,topic,page_role,review_state
about.html,About Centripetal Advisors | Embedded SaaS Finance Leadership,About,Multiple,Core page,Captured or refined concept
blog/13-week-cash-flow-forecast.html,The 13-Week Cash Flow Forecast: What It Shows and What It Hides | Centripetal Advisors,Blog,Cash & runway,Focused article concept; guide/service path mapped,Architecture repaired; content and factual review pending
blog/ai-in-founder-finance.html,What AI Cannot Replace in Founder Finance | Centripetal Advisors,Blog,Finance leadership,Focused article concept; guide/service path mapped,Architecture repaired; content and factual review pending
blog/board-reporting-seed-series-a.html,Board Reporting for Seed and Series A Companies | Centripetal Advisors,Blog,Board & investor reporting,Focused article concept; guide/service path mapped,Architecture repaired; content and factual review pending
blog/bookkeeper-controller-cfo.html,"Bookkeeper, Controller, CFO: What Your Stage Actually Needs | Centripetal Advisors",Blog,Finance leadership,Focused article concept; guide/service path mapped,Architecture repaired; content and factual review pending
blog/capital-structure-after-equity-raise.html,"After the Raise, Capital Structure Becomes an Operating Decision | Centripetal Advisors",Blog,Fundraising readiness,Focused article concept; guide/service path mapped,Architecture repaired; content and factual review pending
blog/carr-vs-arr.html,CARR vs ARR: When the Definition Matters | Centripetal Advisors,Blog,Treasury & finance operations,Focused article concept; guide/service path mapped,Architecture repaired; content and factual review pending
blog/cash-flow-signals-lenders-probe.html,The Cash-Flow Signals Lenders Probe That a 13-Week Model Can Hide | Centripetal Advisors,Blog,Venture debt,Focused article concept; guide/service path mapped,Architecture repaired; content and factual review pending
blog/customer-concentration.html,Customer Concentration: The Board Question You Should Answer First | Centripetal Advisors,Blog,Treasury & finance operations,Focused article concept; guide/service path mapped,Architecture repaired; content and factual review pending
blog/fractional-cfo-vp-finance-complexity.html,"Fractional CFO or VP Finance? The Decision Is Complexity, Not ARR | Centripetal Advisors",Blog,Finance leadership,Focused article concept; guide/service path mapped,Architecture repaired; content and factual review pending
blog/index.html,Explore the Blog | Centripetal Advisors,Blog,Multiple,Legacy entry path to canonical Blog catalog,Canonical consolidated; no duplicate catalog
blog/series-a-data-room.html,The Series A Data Room: What Goes In and What Gets Opened | Centripetal Advisors,Blog,Fundraising readiness,Focused article concept; guide/service path mapped,Architecture repaired; content and factual review pending
blog/treasury-controls-saas.html,Treasury Controls Every SaaS Founder Should Have Before the Next Board Meeting | Centripetal Advisors,Blog,Treasury & finance operations,Focused article concept; guide/service path mapped,Architecture repaired; content and factual review pending
blog/vertical-saas-cac-advantage-half-life.html,The Vertical SaaS Advantage Has a Half-Life | Centripetal Advisors,Blog,Treasury & finance operations,Focused article concept; guide/service path mapped,Architecture repaired; content and factual review pending
blog/what-investors-probe-after-slide-12.html,What Investors Probe After Slide 12 | Centripetal Advisors,Blog,Fundraising readiness,Focused article concept; guide/service path mapped,Architecture repaired; content and factual review pending
blog/when-to-hire-fractional-cfo.html,When to Hire a Fractional CFO | Centripetal Advisors,Blog,Finance leadership,Focused article concept; guide/service path mapped,Architecture repaired; content and factual review pending
blog/why-investors-dont-trust-your-forecast.html,Why Investors Don't Trust Your Forecast | Centripetal Advisors,Blog,Cash & runway,Focused article concept; guide/service path mapped,Architecture repaired; content and factual review pending
blogs.html,SaaS Finance Insights | Centripetal Advisors,Blog,Multiple,Single article catalog; six topics,Architecture repaired; entries remain concept drafts
contact.html,Contact Centripetal Advisors | SaaS Finance Leadership,Contact,Multiple,Core page,Captured or refined concept
guides/do-i-need-a-fractional-cfo.html,Do I Need a Fractional CFO? | Centripetal Advisors,Resources / Guides,Finance leadership,Guide / exercise,Curated concept; firm review remains
guides/first-90-days-after-raise.html,The First 90 Days After Your Raise | Centripetal Advisors,Resources / Guides,Fundraising · Cash & runway,Guide / exercise,Curated concept; firm review remains
guides/index.html,SaaS Finance Guides & Checklists | Centripetal Advisors,Resources / Guides,Needs classification,Guide collection,Curated concept; firm review remains
guides/saas-cash-flow-mistakes.html,SaaS Cash-Flow Mistakes & Forecast Review | Centripetal Advisors,Resources / Guides,Cash & runway,Guide / exercise,Curated concept; firm review remains
guides/saas-finance-scorecard.html,The Centripetal SaaS Finance Scorecard | Centripetal Advisors,Resources / Guides,Finance leadership,Guide / exercise,Curated concept; firm review remains
guides/series-a-diligence-readiness.html,Series A Diligence Readiness | Centripetal Advisors,Resources / Guides,Fundraising,Guide / exercise,Curated concept; firm review remains
guides/tools/board-deck-builder.html,Board Deck Structure Builder | Centripetal Advisors,Resources / Tools,Board & investor reporting,Legacy tool prototype,Not promoted; model/content review required
guides/tools/cfo-fit-calculator.html,Fractional CFO Fit Calculator | Centripetal Advisors,Resources / Tools,Finance leadership,Legacy tool prototype,Not promoted; model/content review required
guides/tools/finance-diagnostic.html,SaaS Finance Readiness Diagnostic | Centripetal Advisors,Resources / Tools,Finance leadership,Legacy tool prototype,Not promoted; model/content review required
guides/tools/fundraise-readiness.html,Fundraise Readiness Checklist | Centripetal Advisors,Resources / Tools,Fundraising readiness,Legacy tool prototype,Not promoted; model/content review required
guides/tools/runway-modeler.html,Cash Runway Scenario Modeler | Centripetal Advisors,Resources / Tools,Cash & runway,Legacy tool prototype,Not promoted; model/content review required
guides/treasury-hygiene.html,Treasury Hygiene for SaaS Founders | Centripetal Advisors,Resources / Guides,Treasury & finance operations,Guide / exercise,Curated concept; firm review remains
guides/venture-debt-readiness.html,Venture Debt Readiness | Centripetal Advisors,Resources / Guides,Venture debt,Guide / exercise,Curated concept; firm review remains
index.html,Fractional CFO Services for SaaS | Centripetal Advisors,Index,Multiple,Core page,Captured or refined concept
privacy-policy.html,Privacy Policy | Centripetal Advisors,Privacy-Policy,Multiple,Core page,Captured or refined concept
resources/index.html,Founder Resources | Centripetal Advisors,Resources,Multiple,Topic and format hub,Current hierarchy batch
resources/linkedin-posts.html,Charles Solomon’s LinkedIn Posts | Centripetal Advisors,Resources,Multiple,Format collection,Current hierarchy batch
resources/media.html,Charles Solomon’s Podcast Appearances | Centripetal Advisors,Resources,Multiple,Format collection,Six live linked appearances only
resources/tools.html,Finance Tools & Assessments | Centripetal Advisors,Resources,Multiple,Format collection,Current hierarchy batch
services/board-investor-reporting.html,Board & Investor Reporting | Centripetal Advisors,Services,board-investor-reporting,Service explanation,Specificity pass complete; firm scope review remains
services/cash-flow-runway-planning.html,Cash Flow & Runway Planning | Centripetal Advisors,Services,cash-flow-runway-planning,Service explanation,Specificity pass complete; firm scope review remains
services/fractional-cfo-for-saas.html,Fractional CFO for SaaS | Centripetal Advisors,Services,fractional-cfo-for-saas,Service explanation,Specificity pass complete; firm scope review remains
services/fundraising-readiness.html,Fundraising Readiness | Centripetal Advisors,Services,fundraising-readiness,Service explanation,Specificity pass complete; firm scope review remains
services/treasury-finance-operations.html,Treasury & Finance Operations | Centripetal Advisors,Services,treasury-finance-operations,Service explanation,Specificity pass complete; firm scope review remains
services/venture-debt-readiness.html,Venture Debt Readiness Services | Centripetal Advisors,Services,venture-debt-readiness,Service explanation,Specificity pass complete; firm scope review remains
services.html,Strategic CFO Services for SaaS | Centripetal Advisors,Services,Multiple,Core page,Captured or refined concept
